position,R2,RMSE,n_features
def,0.5974613732464835,0.2551226904531048,34
wr,0.23664199876013658,0.3627704172240224,34
qb,0.1409716849134598,0.21463774566104743,34
rb,0.011141615006929673,0.1107747774769365,34
